task_id,prompt,canonical_solution,test,entry_point
HumanEval/0,"from typing import List


def has_close_elements(numbers: List[float], threshold: float) -> bool:
    """""" Check if in given list of numbers, are any two numbers closer to each other than
    given threshold.
    >>> has_close_elements([1.0, 2.0, 3.0], 0.5)
    False
    >>> has_close_elements([1.0, 2.8, 3.0, 4.0, 5.0, 2.0], 0.3)
    True
    """"""
","    for idx, elem in enumerate(numbers):
        for idx2, elem2 in enumerate(numbers):
            if idx != idx2:
                distance = abs(elem - elem2)
                if distance < threshold:
                    return True

    return False
","

METADATA = {
    'author': 'jt',
    'dataset': 'test'
}


def check(candidate):
    assert candidate([1.0, 2.0, 3.9, 4.0, 5.0, 2.2], 0.3) == True
    assert candidate([1.0, 2.0, 3.9, 4.0, 5.0, 2.2], 0.05) == False
    assert candidate([1.0, 2.0, 5.9, 4.0, 5.0], 0.95) == True
    assert candidate([1.0, 2.0, 5.9, 4.0, 5.0], 0.8) == False
    assert candidate([1.0, 2.0, 3.0, 4.0, 5.0, 2.0], 0.1) == True
    assert candidate([1.1, 2.2, 3.1, 4.1, 5.1], 1.0) == True
    assert candidate([1.1, 2.2, 3.1, 4.1, 5.1], 0.5) == False

",has_close_elements
HumanEval/68,"
def pluck(arr):
    """"""
    ""Given an array representing a branch of a tree that has non-negative integer nodes
    your task is to pluck one of the nodes and return it.
    The plucked node should be the node with the smallest even value.
    If multiple nodes with the same smallest even value are found return the node that has smallest index.

    The plucked node should be returned in a list, [ smalest_value, its index ],
    If there are no even values or the given array is empty, return [].

    Example 1:
        Input: [4,2,3]
        Output: [2, 1]
        Explanation: 2 has the smallest even value, and 2 has the smallest index.

    Example 2:
        Input: [1,2,3]
        Output: [2, 1]
        Explanation: 2 has the smallest even value, and 2 has the smallest index. 

    Example 3:
        Input: []
        Output: []
    
    Example 4:
        Input: [5, 0, 3, 0, 4, 2]
        Output: [0, 1]
        Explanation: 0 is the smallest value, but  there are two zeros,
                     so we will choose the first zero, which has the smallest index.

    Constraints:
        * 1 <= nodes.length <= 10000
        * 0 <= node.value
    """"""
","    if(len(arr) == 0): return []
    evens = list(filter(lambda x: x%2 == 0, arr))
    if(evens == []): return []
    return [min(evens), arr.index(min(evens))]
","def check(candidate):

    # Check some simple cases
    assert True, ""This prints if this assert fails 1 (good for debugging!)""
    assert candidate([4,2,3]) == [2, 1], ""Error""
    assert candidate([1,2,3]) == [2, 1], ""Error""
    assert candidate([]) == [], ""Error""
    assert candidate([5, 0, 3, 0, 4, 2]) == [0, 1], ""Error""

    # Check some edge cases that are easy to work out by hand.
    assert True, ""This prints if this assert fails 2 (also good for debugging!)""
    assert candidate([1, 2, 3, 0, 5, 3]) == [0, 3], ""Error""
    assert candidate([5, 4, 8, 4 ,8]) == [4, 1], ""Error""
    assert candidate([7, 6, 7, 1]) == [6, 1], ""Error""
    assert candidate([7, 9, 7, 1]) == [], ""Error""

",pluck
HumanEval/2,"

def truncate_number(number: float) -> float:
    """""" Given a positive floating point number, it can be decomposed into
    and integer part (largest integer smaller than given number) and decimals
    (leftover part always smaller than 1).

    Return the decimal part of the number.
    >>> truncate_number(3.5)
    0.5
    """"""
","    return number % 1.0
","

METADATA = {
    'author': 'jt',
    'dataset': 'test'
}


def check(candidate):
    assert candidate(3.5) == 0.5
    assert abs(candidate(1.33) - 0.33) < 1e-6
    assert abs(candidate(123.456) - 0.456) < 1e-6
",truncate_number
HumanEval/56,"

def correct_bracketing(brackets: str):
    """""" brackets is a string of ""<"" and "">"".
    return True if every opening bracket has a corresponding closing bracket.

    >>> correct_bracketing(""<"")
    False
    >>> correct_bracketing(""<>"")
    True
    >>> correct_bracketing(""<<><>>"")
    True
    >>> correct_bracketing(""><<>"")
    False
    """"""
","    depth = 0
    for b in brackets:
        if b == ""<"":
            depth += 1
        else:
            depth -= 1
        if depth < 0:
            return False
    return depth == 0
","

METADATA = {}


def check(candidate):
    assert candidate(""<>"")
    assert candidate(""<<><>>"")
    assert candidate(""<><><<><>><>"")
    assert candidate(""<><><<<><><>><>><<><><<>>>"")
    assert not candidate(""<<<><>>>>"")
    assert not candidate(""><<>"")
    assert not candidate(""<"")
    assert not candidate(""<<<<"")
    assert not candidate("">"")
    assert not candidate(""<<>"")
    assert not candidate(""<><><<><>><>><<>"")
    assert not candidate(""<><><<><>><>>><>"")

",correct_bracketing
HumanEval/102,"
def choose_num(x, y):
    """"""This function takes two positive numbers x and y and returns the
    biggest even integer number that is in the range [x, y] inclusive. If 
    there's no such number, then the function should return -1.

    For example:
    choose_num(12, 15) = 14
    choose_num(13, 12) = -1
    """"""
","    if x > y:
        return -1
    if y % 2 == 0:
        return y
    if x == y:
        return -1
    return y - 1
","def check(candidate):

    # Check some simple cases
    assert candidate(12, 15) == 14
    assert candidate(13, 12) == -1
    assert candidate(33, 12354) == 12354
    assert candidate(5234, 5233) == -1
    assert candidate(6, 29) == 28
    assert candidate(27, 10) == -1

    # Check some edge cases that are easy to work out by hand.
    assert candidate(7, 7) == -1
    assert candidate(546, 546) == 546

",choose_num
HumanEval/120,"
def maximum(arr, k):
    """"""
    Given an array arr of integers and a positive integer k, return a sorted list 
    of length k with the maximum k numbers in arr.

    Example 1:

        Input: arr = [-3, -4, 5], k = 3
        Output: [-4, -3, 5]

    Example 2:

        Input: arr = [4, -4, 4], k = 2
        Output: [4, 4]

    Example 3:

        Input: arr = [-3, 2, 1, 2, -1, -2, 1], k = 1
        Output: [2]

    Note:
        1. The length of the array will be in the range of [1, 1000].
        2. The elements in the array will be in the range of [-1000, 1000].
        3. 0 <= k <= len(arr)
    """"""
","    if k == 0:
        return []
    arr.sort()
    ans = arr[-k:]
    return ans
","def check(candidate):

    # Check some simple cases
    assert candidate([-3, -4, 5], 3) == [-4, -3, 5]
    assert candidate([4, -4, 4], 2) == [4, 4]
    assert candidate([-3, 2, 1, 2, -1, -2, 1], 1) == [2]
    assert candidate([123, -123, 20, 0 , 1, 2, -3], 3) == [2, 20, 123]
    assert candidate([-123, 20, 0 , 1, 2, -3], 4) == [0, 1, 2, 20]
    assert candidate([5, 15, 0, 3, -13, -8, 0], 7) == [-13, -8, 0, 0, 3, 5, 15]
    assert candidate([-1, 0, 2, 5, 3, -10], 2) == [3, 5]
    assert candidate([1, 0, 5, -7], 1) == [5]
    assert candidate([4, -4], 2) == [-4, 4]
    assert candidate([-10, 10], 2) == [-10, 10]

    # Check some edge cases that are easy to work out by hand.
    assert candidate([1, 2, 3, -23, 243, -400, 0], 0) == []

",maximum
HumanEval/6,"from typing import List


def parse_nested_parens(paren_string: str) -> List[int]:
    """""" Input to this function is a string represented multiple groups for nested parentheses separated by spaces.
    For each of the group, output the deepest level of nesting of parentheses.
    E.g. (()()) has maximum two levels of nesting while ((())) has three.

    >>> parse_nested_parens('(()()) ((())) () ((())()())')
    [2, 3, 1, 3]
    """"""
","    def parse_paren_group(s):
        depth = 0
        max_depth = 0
        for c in s:
            if c == '(':
                depth += 1
                max_depth = max(depth, max_depth)
            else:
                depth -= 1

        return max_depth

    return [parse_paren_group(x) for x in paren_string.split(' ') if x]
","

METADATA = {
    'author': 'jt',
    'dataset': 'test'
}


def check(candidate):
    assert candidate('(()()) ((())) () ((())()())') == [2, 3, 1, 3]
    assert candidate('() (()) ((())) (((())))') == [1, 2, 3, 4]
    assert candidate('(()(())((())))') == [4]
",parse_nested_parens
HumanEval/63,"

def fibfib(n: int):
    """"""The FibFib number sequence is a sequence similar to the Fibbonacci sequnece that's defined as follows:
    fibfib(0) == 0
    fibfib(1) == 0
    fibfib(2) == 1
    fibfib(n) == fibfib(n-1) + fibfib(n-2) + fibfib(n-3).
    Please write a function to efficiently compute the n-th element of the fibfib number sequence.
    >>> fibfib(1)
    0
    >>> fibfib(5)
    4
    >>> fibfib(8)
    24
    """"""
","    if n == 0:
        return 0
    if n == 1:
        return 0
    if n == 2:
        return 1
    return fibfib(n - 1) + fibfib(n - 2) + fibfib(n - 3)
","

METADATA = {}


def check(candidate):
    assert candidate(2) == 1
    assert candidate(1) == 0
    assert candidate(5) == 4
    assert candidate(8) == 24
    assert candidate(10) == 81
    assert candidate(12) == 274
    assert candidate(14) == 927

",fibfib
HumanEval/148,"
def bf(planet1, planet2):
    '''
    There are eight planets in our solar system: the closerst to the Sun 
    is Mercury, the next one is Venus, then Earth, Mars, Jupiter, Saturn, 
    Uranus, Neptune.
    Write a function that takes two planet names as strings planet1 and planet2. 
    The function should return a tuple containing all planets whose orbits are 
    located between the orbit of planet1 and the orbit of planet2, sorted by 
    the proximity to the sun. 
    The function should return an empty tuple if planet1 or planet2
    are not correct planet names. 
    Examples
    bf(""Jupiter"", ""Neptune"") ==> (""Saturn"", ""Uranus"")
    bf(""Earth"", ""Mercury"") ==> (""Venus"")
    bf(""Mercury"", ""Uranus"") ==> (""Venus"", ""Earth"", ""Mars"", ""Jupiter"", ""Saturn"")
    '''
","    planet_names = (""Mercury"", ""Venus"", ""Earth"", ""Mars"", ""Jupiter"", ""Saturn"", ""Uranus"", ""Neptune"")
    if planet1 not in planet_names or planet2 not in planet_names or planet1 == planet2:
        return ()
    planet1_index = planet_names.index(planet1)
    planet2_index = planet_names.index(planet2)
    if planet1_index < planet2_index:
        return (planet_names[planet1_index + 1: planet2_index])
    else:
        return (planet_names[planet2_index + 1 : planet1_index])
","def check(candidate):

    # Check some simple cases
    assert candidate(""Jupiter"", ""Neptune"") == (""Saturn"", ""Uranus""), ""First test error: "" + str(len(candidate(""Jupiter"", ""Neptune"")))      
    assert candidate(""Earth"", ""Mercury"") == (""Venus"",), ""Second test error: "" + str(candidate(""Earth"", ""Mercury""))  
    assert candidate(""Mercury"", ""Uranus"") == (""Venus"", ""Earth"", ""Mars"", ""Jupiter"", ""Saturn""), ""Third test error: "" + str(candidate(""Mercury"", ""Uranus""))      
    assert candidate(""Neptune"", ""Venus"") == (""Earth"", ""Mars"", ""Jupiter"", ""Saturn"", ""Uranus""), ""Fourth test error: "" + str(candidate(""Neptune"", ""Venus""))  


    # Check some edge cases that are easy to work out by hand.
    assert candidate(""Earth"", ""Earth"") == ()
    assert candidate(""Mars"", ""Earth"") == ()
    assert candidate(""Jupiter"", ""Makemake"") == ()

",bf
HumanEval/28,"from typing import List


def concatenate(strings: List[str]) -> str:
    """""" Concatenate list of strings into a single string
    >>> concatenate([])
    ''
    >>> concatenate(['a', 'b', 'c'])
    'abc'
    """"""
","    return ''.join(strings)
","

METADATA = {
    'author': 'jt',
    'dataset': 'test'
}


def check(candidate):
    assert candidate([]) == ''
    assert candidate(['x', 'y', 'z']) == 'xyz'
    assert candidate(['x', 'y', 'z', 'w', 'k']) == 'xyzwk'
",concatenate
HumanEval/132,"
def is_nested(string):
    '''
    Create a function that takes a string as input which contains only square brackets.
    The function should return True if and only if there is a valid subsequence of brackets 
    where at least one bracket in the subsequence is nested.

    is_nested('[[]]') ➞ True
    is_nested('[]]]]]]][[[[[]') ➞ False
    is_nested('[][]') ➞ False
    is_nested('[]') ➞ False
    is_nested('[[][]]') ➞ True
    is_nested('[[]][[') ➞ True
    '''
","    opening_bracket_index = []
    closing_bracket_index = []
    for i in range(len(string)):
        if string[i] == '[':
            opening_bracket_index.append(i)
        else:
            closing_bracket_index.append(i)
    closing_bracket_index.reverse()
    cnt = 0
    i = 0
    l = len(closing_bracket_index)
    for idx in opening_bracket_index:
        if i < l and idx < closing_bracket_index[i]:
            cnt += 1
            i += 1
    return cnt >= 2

    
","def check(candidate):

    # Check some simple cases
    assert candidate('[[]]') == True, ""This prints if this assert fails 1 (good for debugging!)""
    assert candidate('[]]]]]]][[[[[]') == False
    assert candidate('[][]') == False
    assert candidate(('[]')) == False
    assert candidate('[[[[]]]]') == True
    assert candidate('[]]]]]]]]]]') == False
    assert candidate('[][][[]]') == True
    assert candidate('[[]') == False
    assert candidate('[]]') == False
    assert candidate('[[]][[') == True
    assert candidate('[[][]]') == True

    # Check some edge cases that are easy to work out by hand.
    assert candidate('') == False, ""This prints if this assert fails 2 (also good for debugging!)""
    assert candidate('[[[[[[[[') == False
    assert candidate(']]]]]]]]') == False

",is_nested
HumanEval/30,"

def get_positive(l: list):
    """"""Return only positive numbers in the list.
    >>> get_positive([-1, 2, -4, 5, 6])
    [2, 5, 6]
    >>> get_positive([5, 3, -5, 2, -3, 3, 9, 0, 123, 1, -10])
    [5, 3, 2, 3, 9, 123, 1]
    """"""
","    return [e for e in l if e > 0]
","

METADATA = {}


def check(candidate):
    assert candidate([-1, -2, 4, 5, 6]) == [4, 5, 6]
    assert candidate([5, 3, -5, 2, 3, 3, 9, 0, 123, 1, -10]) == [5, 3, 2, 3, 3, 9, 123, 1]
    assert candidate([-1, -2]) == []
    assert candidate([]) == []

",get_positive
HumanEval/153,"
def Strongest_Extension(class_name, extensions):
    """"""You will be given the name of a class (a string) and a list of extensions.
    The extensions are to be used to load additional classes to the class. The
    strength of the extension is as follows: Let CAP be the number of the uppercase
    letters in the extension's name, and let SM be the number of lowercase letters 
    in the extension's name, the strength is given by the fraction CAP - SM. 
    You should find the strongest extension and return a string in this 
    format: ClassName.StrongestExtensionName.
    If there are two or more extensions with the same strength, you should
    choose the one that comes first in the list.
    For example, if you are given ""Slices"" as the class and a list of the
    extensions: ['SErviNGSliCes', 'Cheese', 'StuFfed'] then you should
    return 'Slices.SErviNGSliCes' since 'SErviNGSliCes' is the strongest extension 
    (its strength is -1).
    Example:
    for Strongest_Extension('my_class', ['AA', 'Be', 'CC']) == 'my_class.AA'
    """"""
","    strong = extensions[0]
    my_val = len([x for x in extensions[0] if x.isalpha() and x.isupper()]) - len([x for x in extensions[0] if x.isalpha() and x.islower()])
    for s in extensions:
        val = len([x for x in s if x.isalpha() and x.isupper()]) - len([x for x in s if x.isalpha() and x.islower()])
        if val > my_val:
            strong = s
            my_val = val

    ans = class_name + ""."" + strong
    return ans

","def check(candidate):

    # Check some simple cases
    assert candidate('Watashi', ['tEN', 'niNE', 'eIGHt8OKe']) == 'Watashi.eIGHt8OKe'
    assert candidate('Boku123', ['nani', 'NazeDa', 'YEs.WeCaNe', '32145tggg']) == 'Boku123.YEs.WeCaNe'
    assert candidate('__YESIMHERE', ['t', 'eMptY', 'nothing', 'zeR00', 'NuLl__', '123NoooneB321']) == '__YESIMHERE.NuLl__'
    assert candidate('K', ['Ta', 'TAR', 't234An', 'cosSo']) == 'K.TAR'
    assert candidate('__HAHA', ['Tab', '123', '781345', '-_-']) == '__HAHA.123'
    assert candidate('YameRore', ['HhAas', 'okIWILL123', 'WorkOut', 'Fails', '-_-']) == 'YameRore.okIWILL123'
    assert candidate('finNNalLLly', ['Die', 'NowW', 'Wow', 'WoW']) == 'finNNalLLly.WoW'

    # Check some edge cases that are easy to work out by hand.
    assert candidate('_', ['Bb', '91245']) == '_.Bb'
    assert candidate('Sp', ['671235', 'Bb']) == 'Sp.671235'
    
",Strongest_Extension
HumanEval/121,"
def solution(lst):
    """"""Given a non-empty list of integers, return the sum of all of the odd elements that are in even positions.
    

    Examples
    solution([5, 8, 7, 1]) ==> 12
    solution([3, 3, 3, 3, 3]) ==> 9
    solution([30, 13, 24, 321]) ==>0
    """"""
","    return sum([x for idx, x in enumerate(lst) if idx%2==0 and x%2==1])
","def check(candidate):

    # Check some simple cases
    assert candidate([5, 8, 7, 1])    == 12
    assert candidate([3, 3, 3, 3, 3]) == 9
    assert candidate([30, 13, 24, 321]) == 0
    assert candidate([5, 9]) == 5
    assert candidate([2, 4, 8]) == 0
    assert candidate([30, 13, 23, 32]) == 23
    assert candidate([3, 13, 2, 9]) == 3

    # Check some edge cases that are easy to work out by hand.

",solution
HumanEval/130,"
def tri(n):
    """"""Everyone knows Fibonacci sequence, it was studied deeply by mathematicians in 
    the last couple centuries. However, what people don't know is Tribonacci sequence.
    Tribonacci sequence is defined by the recurrence:
    tri(1) = 3
    tri(n) = 1 + n / 2, if n is even.
    tri(n) =  tri(n - 1) + tri(n - 2) + tri(n + 1), if n is odd.
    For example:
    tri(2) = 1 + (2 / 2) = 2
    tri(4) = 3
    tri(3) = tri(2) + tri(1) + tri(4)
           = 2 + 3 + 3 = 8 
    You are given a non-negative integer number n, you have to a return a list of the 
    first n + 1 numbers of the Tribonacci sequence.
    Examples:
    tri(3) = [1, 3, 2, 8]
    """"""
","    if n == 0:
        return [1]
    my_tri = [1, 3]
    for i in range(2, n + 1):
        if i % 2 == 0:
            my_tri.append(i / 2 + 1)
        else:
            my_tri.append(my_tri[i - 1] + my_tri[i - 2] + (i + 3) / 2)
    return my_tri
","def check(candidate):

    # Check some simple cases
    
    assert candidate(3) == [1, 3, 2.0, 8.0]
    assert candidate(4) == [1, 3, 2.0, 8.0, 3.0]
    assert candidate(5) == [1, 3, 2.0, 8.0, 3.0, 15.0]
    assert candidate(6) == [1, 3, 2.0, 8.0, 3.0, 15.0, 4.0]
    assert candidate(7) == [1, 3, 2.0, 8.0, 3.0, 15.0, 4.0, 24.0]
    assert candidate(8) == [1, 3, 2.0, 8.0, 3.0, 15.0, 4.0, 24.0, 5.0]
    assert candidate(9) == [1, 3, 2.0, 8.0, 3.0, 15.0, 4.0, 24.0, 5.0, 35.0]
    assert candidate(20) == [1, 3, 2.0, 8.0, 3.0, 15.0, 4.0, 24.0, 5.0, 35.0, 6.0, 48.0, 7.0, 63.0, 8.0, 80.0, 9.0, 99.0, 10.0, 120.0, 11.0]

    # Check some edge cases that are easy to work out by hand.
    assert candidate(0) == [1]
    assert candidate(1) == [1, 3]
",tri
HumanEval/150,"
def x_or_y(n, x, y):
    """"""A simple program which should return the value of x if n is 
    a prime number and should return the value of y otherwise.

    Examples:
    for x_or_y(7, 34, 12) == 34
    for x_or_y(15, 8, 5) == 5
    
    """"""
","    if n == 1:
        return y
    for i in range(2, n):
        if n % i == 0:
            return y
            break
    else:
        return x
","def check(candidate):

    # Check some simple cases
    assert candidate(7, 34, 12) == 34
    assert candidate(15, 8, 5) == 5
    assert candidate(3, 33, 5212) == 33
    assert candidate(1259, 3, 52) == 3
    assert candidate(7919, -1, 12) == -1
    assert candidate(3609, 1245, 583) == 583
    assert candidate(91, 56, 129) == 129
    assert candidate(6, 34, 1234) == 1234
    

    # Check some edge cases that are easy to work out by hand.
    assert candidate(1, 2, 0) == 0
    assert candidate(2, 2, 0) == 2

",x_or_y
HumanEval/83,"
def starts_one_ends(n):
    """"""
    Given a positive integer n, return the count of the numbers of n-digit
    positive integers that start or end with 1.
    """"""
","    if n == 1: return 1
    return 18 * (10 ** (n - 2))
","def check(candidate):

    # Check some simple cases
    assert True, ""This prints if this assert fails 1 (good for debugging!)""
    assert candidate(1) == 1
    assert candidate(2) == 18
    assert candidate(3) == 180
    assert candidate(4) == 1800
    assert candidate(5) == 18000

    # Check some edge cases that are easy to work out by hand.
    assert True, ""This prints if this assert fails 2 (also good for debugging!)""

",starts_one_ends
HumanEval/75,"
def is_multiply_prime(a):
    """"""Write a function that returns true if the given number is the multiplication of 3 prime numbers
    and false otherwise.
    Knowing that (a) is less then 100. 
    Example:
    is_multiply_prime(30) == True
    30 = 2 * 3 * 5
    """"""
","    def is_prime(n):
        for j in range(2,n):
            if n%j == 0:
                return False
        return True

    for i in range(2,101):
        if not is_prime(i): continue
        for j in range(2,101):
            if not is_prime(j): continue
            for k in range(2,101):
                if not is_prime(k): continue
                if i*j*k == a: return True
    return False
","def check(candidate):

    assert candidate(5) == False
    assert candidate(30) == True
    assert candidate(8) == True
    assert candidate(10) == False
    assert candidate(125) == True
    assert candidate(3 * 5 * 7) == True
    assert candidate(3 * 6 * 7) == False
    assert candidate(9 * 9 * 9) == False
    assert candidate(11 * 9 * 9) == False
    assert candidate(11 * 13 * 7) == True

",is_multiply_prime
HumanEval/34,"

def unique(l: list):
    """"""Return sorted unique elements in a list
    >>> unique([5, 3, 5, 2, 3, 3, 9, 0, 123])
    [0, 2, 3, 5, 9, 123]
    """"""
","    return sorted(list(set(l)))
","

METADATA = {}


def check(candidate):
    assert candidate([5, 3, 5, 2, 3, 3, 9, 0, 123]) == [0, 2, 3, 5, 9, 123]

",unique
HumanEval/141,"
def file_name_check(file_name):
    """"""Create a function which takes a string representing a file's name, and returns
    'Yes' if the the file's name is valid, and returns 'No' otherwise.
    A file's name is considered to be valid if and only if all the following conditions 
    are met:
    - There should not be more than three digits ('0'-'9') in the file's name.
    - The file's name contains exactly one dot '.'
    - The substring before the dot should not be empty, and it starts with a letter from 
    the latin alphapet ('a'-'z' and 'A'-'Z').
    - The substring after the dot should be one of these: ['txt', 'exe', 'dll']
    Examples:
    file_name_check(""example.txt"") # => 'Yes'
    file_name_check(""1example.dll"") # => 'No' (the name should start with a latin alphapet letter)
    """"""
","    suf = ['txt', 'exe', 'dll']
    lst = file_name.split(sep='.')
    if len(lst) != 2:
        return 'No'
    if not lst[1] in suf:
        return 'No'
    if len(lst[0]) == 0:
        return 'No'
    if not lst[0][0].isalpha():
        return 'No'
    t = len([x for x in lst[0] if x.isdigit()])
    if t > 3:
        return 'No'
    return 'Yes'
","def check(candidate):

    # Check some simple cases
    assert candidate(""example.txt"") == 'Yes'
    assert candidate(""1example.dll"") == 'No'
    assert candidate('s1sdf3.asd') == 'No'
    assert candidate('K.dll') == 'Yes'
    assert candidate('MY16FILE3.exe') == 'Yes'
    assert candidate('His12FILE94.exe') == 'No'
    assert candidate('_Y.txt') == 'No'
    assert candidate('?aREYA.exe') == 'No'
    assert candidate('/this_is_valid.dll') == 'No'
    assert candidate('this_is_valid.wow') == 'No'
    assert candidate('this_is_valid.txt') == 'Yes'
    assert candidate('this_is_valid.txtexe') == 'No'
    assert candidate('#this2_i4s_5valid.ten') == 'No'
    assert candidate('@this1_is6_valid.exe') == 'No'
    assert candidate('this_is_12valid.6exe4.txt') == 'No'
    assert candidate('all.exe.txt') == 'No'
    assert candidate('I563_No.exe') == 'Yes'
    assert candidate('Is3youfault.txt') == 'Yes'
    assert candidate('no_one#knows.dll') == 'Yes'
    assert candidate('1I563_Yes3.exe') == 'No'
    assert candidate('I563_Yes3.txtt') == 'No'
    assert candidate('final..txt') == 'No'
    assert candidate('final132') == 'No'
    assert candidate('_f4indsartal132.') == 'No'
    
        

    # Check some edge cases that are easy to work out by hand.
    assert candidate('.txt') == 'No'
    assert candidate('s.') == 'No'

",file_name_check
